audit_id,blind_model_id,benchmark,sample_id,difficulty,db_id,question,evidence,gold_sql,pred_sql,completeness,efficiency,readability,comment
EA-001,M01,bird,bird_769,challenging,superhero,Which superhero has the most durability published by Dark Horse Comics?,which superhero refers to superhero_name; most durability refers to MAX(attribute_value) WHERE attribute_name = 'durability'; published by Dark Horse Comics refers to publisher_name = 'Dark Horse Comics';,SELECT T1.superhero_name FROM superhero AS T1 INNER JOIN hero_attribute AS T2 ON T1.id = T2.hero_id INNER JOIN attribute AS T3 ON T3.id = T2.attribute_id INNER JOIN publisher AS T4 ON T4.id = T1.publisher_id WHERE T4.publisher_name = 'Dark Horse Comics' AND T3.attribute_name = 'Durability' ORDER BY T2.attribute_value DESC LIMIT 1,SELECT s.superhero_name FROM superhero s JOIN publisher p ON s.publisher_id = p.id JOIN hero_attribute ha ON s.id = ha.hero_id JOIN attribute a ON ha.attribute_id = a.id WHERE p.publisher_name = 'Dark Horse Comics' AND a.attribute_name = 'Durability' ORDER BY ha.attribute_value DESC LIMIT 1,5,5,5,
EA-002,M01,bird,bird_990,challenging,formula_1,What is the constructor reference name of the champion in the 2009 Singapore Grand Prix? Please give its website.,"the time of the champion shows in the format of ""minutes: seconds.millionsecond"" in which Max(time); constructor reference name refers to constructorRef; website refers to url","SELECT T3.constructorRef, T3.url FROM results AS T1 INNER JOIN races AS T2 on T1.raceId = T2.raceId INNER JOIN constructors AS T3 on T1.constructorId = T3.constructorId WHERE T2.name = 'Singapore Grand Prix' AND T2.year = 2009 AND T1.time LIKE '_:%:__.___'","SELECT c.constructorRef, c.url FROM constructors c JOIN results r ON c.constructorId = r.constructorId JOIN races ra ON r.raceId = ra.raceId WHERE ra.year = 2009 AND ra.name = 'Singapore Grand Prix' AND r.position = 1",5,5,5,
EA-003,M01,bird,bird_615,moderate,codebase_community,"Among the users who obtained the ""Organizer"" badges, calculate the percentage of users who are teenagers.","""Organizer"" is the Name of badge; teenager refers to Age BETWEEN 13 AND 18; percentage = Divide (Count(UserId where Age BETWEEN 13 AND 18), Count(UserId)) *100","SELECT CAST(SUM(IIF(T2.Age BETWEEN 13 AND 18, 1, 0)) AS REAL) * 100 / COUNT(T1.Id) FROM badges AS T1 INNER JOIN users AS T2 ON T1.UserId = T2.Id WHERE T1.`Name` = 'Organizer'",SELECT (COUNT(CASE WHEN u.Age BETWEEN 13 AND 19 THEN 1 END) * 100.0 / COUNT(*)) AS percentage_teenagers FROM users u INNER JOIN badges b ON u.Id = b.UserId WHERE b.Name = 'Organizer',4,5,5,верхняя граница возраста 19 вместо 18
EA-004,M01,bird,bird_794,moderate,superhero,Which hero was the fastest?,which hero refers to superhero_name; fastest refers to MAX(attribute_value) WHERE attribute_name = 'Speed';,SELECT T1.superhero_name FROM superhero AS T1 INNER JOIN hero_attribute AS T2 ON T1.id = T2.hero_id INNER JOIN attribute AS T3 ON T2.attribute_id = T3.id WHERE T3.attribute_name = 'Speed' ORDER BY T2.attribute_value DESC LIMIT 1,SELECT s.superhero_name FROM superhero s JOIN hero_attribute ha ON s.id = ha.hero_id JOIN attribute a ON ha.attribute_id = a.id WHERE a.attribute_name = 'Speed' ORDER BY ha.attribute_value DESC LIMIT 1,5,5,5,
EA-005,M01,bird,bird_1038,moderate,european_football_2,List the top 5 leagues in ascending order of the number of goals made in all seasons combined.,"number of goals made in all seasons combine = SUM(home_team_goal, away_team_goal);","SELECT t1.name, SUM(t2.home_team_goal) + SUM(t2.away_team_goal) FROM League AS t1 INNER JOIN Match AS t2 ON t1.id = t2.league_id GROUP BY t1.name ORDER BY SUM(t2.home_team_goal) + SUM(t2.away_team_goal) ASC LIMIT 5","SELECT l.name, SUM(m.home_team_goal + m.away_team_goal) AS total_goals FROM League l JOIN Match m ON l.id = m.league_id GROUP BY l.id, l.name ORDER BY total_goals ASC LIMIT 5",5,5,5,
EA-006,M01,bird,bird_840,simple,superhero,List the attribute value of the superhero named Aquababy.,,SELECT T2.attribute_value FROM superhero AS T1 INNER JOIN hero_attribute AS T2 ON T1.id = T2.hero_id WHERE T1.superhero_name = 'Aquababy',SELECT ha.attribute_value FROM superhero sh JOIN hero_attribute ha ON sh.id = ha.hero_id JOIN attribute a ON ha.attribute_id = a.id WHERE sh.superhero_name = 'Aquababy',5,4,4,лишний JOIN с attribute
EA-007,M01,bird,bird_1184,simple,thrombosis_prediction,"For the patient whose birthday was 1959/3/1, what symptoms did he/she have during the examination on 1993/9/27?",,SELECT T2.Symptoms FROM Patient AS T1 INNER JOIN Examination AS T2 ON T1.ID = T2.ID WHERE T1.Birthday = '1959-03-01' AND T2.`Examination Date` = '1993-09-27',SELECT Symptoms FROM Examination WHERE ID = (SELECT ID FROM Patient WHERE Birthday = '1959-03-01') AND `Examination Date` = '1993-09-27',4,4,5,подзапрос предполагает единственного пациента с такой датой рождения
EA-008,M01,bird,bird_299,simple,toxicology,Is molecule TR124 carcinogenic?,label = '+' mean molecules are carcinogenic;,SELECT T.label FROM molecule AS T WHERE T.molecule_id = 'TR124',SELECT label FROM molecule WHERE molecule_id = 'TR124',5,5,5,
EA-009,M01,bird,bird_147,simple,financial,How many female clients' accounts are in the region of South Bohemia?,Female refers to gender = 'F'; A3 contains the region 'south Bohemia',SELECT COUNT(T1.client_id) FROM client AS T1 INNER JOIN district AS T2 ON T1.district_id = T2.district_id WHERE T1.gender = 'F' AND T2.A3 = 'south Bohemia',SELECT COUNT(DISTINCT a.account_id) FROM account a JOIN disp d ON a.account_id = d.account_id JOIN client c ON d.client_id = c.client_id JOIN district dist ON c.district_id = dist.district_id WHERE c.gender = 'F' AND dist.A3 = 'south Bohemia',3,3,4,считает distinct account_id вместо client_id; лишние JOIN для трактовки вопроса
EA-010,M01,bird,bird_549,simple,codebase_community,"From which post is the tag ""bayesian"" excerpted from? Please give the body of the post.","""bayesian"" is the TagName; excerpt from refers to ExcerptPostId",SELECT T2.Body FROM tags AS T1 INNER JOIN posts AS T2 ON T2.Id = T1.ExcerptPostId WHERE T1.TagName = 'bayesian',SELECT p.Body FROM tags t JOIN posts p ON t.ExcerptPostId = p.Id WHERE t.TagName = 'bayesian',5,5,5,
EA-011,M02,bird,bird_1076,challenging,european_football_2,"What is the difference of the average ball control score between Abdou Diallo and Aaron Appindangoye
?","difference of the average ball control = SUBTRACT(AVG(ball_control WHERE player_name = 'Abdou Diallo'), AVG(ball_control WHERE player_name = 'Aaron Appindangoye')); AVG(ball_control WHERE player_name = 'XX XX') = SUM(CASE WHEN player_name = 'XX XX' THEN ball_control ELSE 0 END) / COUNT(CASE WHEN player_name = 'XX XX' THEN id ELSE NULL END)",SELECT CAST(SUM(CASE WHEN t1.player_name = 'Abdou Diallo' THEN t2.ball_control ELSE 0 END) AS REAL) / COUNT(CASE WHEN t1.player_name = 'Abdou Diallo' THEN t2.id ELSE NULL END) - CAST(SUM(CASE WHEN t1.player_name = 'Aaron Appindangoye' THEN t2.ball_control ELSE 0 END) AS REAL) / COUNT(CASE WHEN t1.player_name = 'Aaron Appindangoye' THEN t2.id ELSE NULL END) FROM Player AS t1 INNER JOIN Player_Attributes AS t2 ON t1.player_api_id = t2.player_api_id,SELECT (SELECT AVG(pa.ball_control) FROM Player p JOIN Player_Attributes pa ON pa.player_api_id = p.player_api_id WHERE p.player_name = 'Abdou Diallo') - (SELECT AVG(pa.ball_control) FROM Player p JOIN Player_Attributes pa ON pa.player_api_id = p.player_api_id WHERE p.player_name = 'Aaron Appindangoye') AS avg_ball_control_difference,5,5,5,
EA-012,M02,bird,bird_206,challenging,toxicology,What elements are in the TR004_8_9 bond atoms?,TR004_8_9 bond atoms refers to bond_id = 'TR004_8_9';,SELECT DISTINCT T1.element FROM atom AS T1 INNER JOIN connected AS T2 ON T1.atom_id = T2.atom_id WHERE T2.bond_id = 'TR004_8_9',"SELECT DISTINCT a.element
FROM bond b
JOIN connected c ON c.bond_id = b.bond_id
JOIN atom a ON a.atom_id IN (c.atom_id, c.atom_id2)
WHERE b.bond_id = 'TR004_8_9' OR b.molecule_id = 'TR004_8_9' OR b.bond_type = 'TR004_8_9'",4,3,3,избыточные OR по bond и спорная трактовка атомов связи
EA-013,M02,bird,bird_397,moderate,card_games,"What is the mana cost of cards with a normal layout, a 2003 frame version, with a black border color, and available in paper and mtgo?","available in paper and mtgo refers to availability = 'mtgo,paper'; frameVersion = 2003;borderColor = 'black'","SELECT manaCost FROM cards WHERE availability = 'mtgo,paper' AND borderColor = 'black' AND frameVersion = 2003 AND layout = 'normal'",SELECT manaCost FROM cards WHERE layout = 'normal' AND frameVersion = '2003' AND borderColor = 'black' AND availability LIKE '%paper%' AND availability LIKE '%mtgo%',4,4,5,"LIKE по availability менее строгий, чем точное значение"
EA-014,M02,bird,bird_942,moderate,formula_1,What is the average fastest lap time in seconds for Lewis Hamilton in all the Formula_1 races?,average fastest lap time = avg(fastestLapTime); The time is recorded on 'MM:SS.mmm',"SELECT AVG(CAST(SUBSTR(T2.fastestLapTime, 1, INSTR(T2.fastestLapTime, ':') - 1) AS INTEGER) * 60 + CAST(SUBSTR(T2.fastestLapTime, INSTR(T2.fastestLapTime, ':') + 1) AS REAL)) FROM drivers AS T1 INNER JOIN results AS T2 ON T1.driverId = T2.driverId WHERE T1.surname = 'Hamilton' AND T1.forename = 'Lewis'","SELECT AVG(CASE WHEN r.fastestLapTime IS NOT NULL AND r.fastestLapTime <> '' THEN (CAST(substr(r.fastestLapTime,1,instr(r.fastestLapTime,':')-1) AS REAL)*60.0 + CAST(substr(r.fastestLapTime,instr(r.fastestLapTime,':')+1) AS REAL)) END) AS avg_fastest_lap_seconds FROM results r JOIN drivers d ON d.driverId = r.driverId WHERE d.forename = 'Lewis' AND d.surname = 'Hamilton' AND r.fastestLapTime IS NOT NULL AND r.fastestLapTime <> ''",5,4,4,дублирующая фильтрация NULL/пустых fastestLapTime
EA-015,M02,bird,bird_1311,moderate,thrombosis_prediction,How many patients with severe thrombosis have a normal prothrombin time?,severe thrombosis refers to Thrombosis = 2 or 1; normal prothrombin time refers to PT < 14;,SELECT COUNT(T1.ID) FROM Patient AS T1 INNER JOIN Laboratory AS T2 ON T1.ID = T2.ID INNER JOIN Examination AS T3 ON T1.ID = T3.ID WHERE T2.PT < 14 AND T3.Thrombosis < 3 AND T3.Thrombosis > 0,"SELECT COUNT(DISTINCT e.ID) AS patient_count
FROM Examination e
JOIN Laboratory l ON l.ID = e.ID
WHERE e.Thrombosis = 1
  AND l.PT BETWEEN 10 AND 14",2,4,4,Thrombosis учитывает только 1 вместо 1 или 2; PT BETWEEN 10 AND 14 вместо PT < 14
EA-016,M02,bird,bird_1374,simple,student_club,"How many events did the member with the phone number ""954-555-6240"" attend?",,SELECT COUNT(T2.link_to_event) FROM member AS T1 INNER JOIN attendance AS T2 ON T1.member_id = T2.link_to_member WHERE T1.phone = '954-555-6240',SELECT COUNT(*) AS events_attended FROM attendance a JOIN member m ON m.member_id = a.link_to_member WHERE m.phone = '954-555-6240',5,5,5,
EA-017,M02,bird,bird_885,simple,formula_1,State the name and date of the last round of race in year 1999.,the last round refers to max(round);,"SELECT name, date FROM races WHERE year = 1999 ORDER BY round DESC LIMIT 1","SELECT name, date FROM races WHERE year = 1999 ORDER BY round DESC LIMIT 1",5,5,5,
EA-018,M02,bird,bird_795,simple,superhero,How many superheroes have a neutral alignment?,neutral alignment refers to alignment_id = 3;,SELECT COUNT(T1.id) FROM superhero AS T1 INNER JOIN alignment AS T2 ON T1.alignment_id = T2.id WHERE T2.alignment = 'Neutral',SELECT COUNT(*) AS superhero_count FROM superhero s JOIN alignment a ON s.alignment_id = a.id WHERE a.alignment = 'Neutral',5,5,5,
EA-019,M02,bird,bird_545,simple,codebase_community,"Among the posts owned by csgillespie, how many of them are root posts?","""csgillespie"" is the DisplayName of user; root post refers to ParentId IS Null",SELECT COUNT(T1.Id) FROM posts AS T1 INNER JOIN users AS T2 ON T1.OwnerUserId = T2.Id WHERE T2.DisplayName = 'csgillespie' AND T1.ParentId IS NULL,SELECT COUNT(*) AS RootPostCount FROM posts p JOIN users u ON u.Id = p.OwnerUserId WHERE u.DisplayName = 'csgillespie' AND p.ParentId IS NULL,5,5,5,
EA-020,M02,bird,bird_1176,simple,thrombosis_prediction,What was the anti-nucleus antibody concentration level for the patient id 3605340 on 1996/12/2?,anti-nucleus antibody refers to ANA; 1996/12/2 refers to `Examination Date` = '1996-12-02',SELECT ANA FROM Examination WHERE ID = 3605340 AND `Examination Date` = '1996-12-02',SELECT ANA FROM Examination WHERE ID = 3605340 AND `Examination Date` = '1996-12-02',5,5,5,
EA-021,M03,bird,bird_1429,challenging,student_club,What is the name of the social event that was attended by the vice president of the Student_Club located at 900 E. Washington St.?,name of social event refers to event_name where type = 'Social'; 'Vice President' is position; located at refers to location,SELECT T2.event_name FROM attendance AS T1 INNER JOIN event AS T2 ON T2.event_id = T1.link_to_event INNER JOIN member AS T3 ON T1.link_to_member = T3.member_id WHERE T3.position = 'Vice President' AND T2.location = '900 E. Washington St.' AND T2.type = 'Social',SELECT e.event_name FROM event e JOIN attendance a ON e.event_id = a.link_to_event JOIN member m ON a.link_to_member = m.member_id WHERE LOWER(m.position) = 'vice president' AND LOWER(e.type) = 'social' AND LOWER(e.location) = '900 e. washington st.',5,4,4,LOWER по колонкам может мешать индексам
EA-022,M03,bird,bird_322,challenging,toxicology,What is the element of toxicology for the atom with the ID of TR000_1?,"atom with ID refers to atom_id; element = 'cl' means Chlorine; element = 'c' means Carbon; element = 'h' means Hydrogen; element = 'o' means Oxygen, element = 's' means Sulfur; element = 'n' means Nitrogen, element = 'p' means Phosphorus, element = 'na' means Sodium, element = 'br' means Bromine, element = 'f' means Fluorine; element = 'i' means Iodine; element = 'sn' means Tin; element = 'pb' means Lead; element = 'te' means Tellurium; element = 'ca' means Calcium",SELECT T.element FROM atom AS T WHERE T.atom_id = 'TR000_1',SELECT a.element FROM atom a WHERE a.atom_id = 'TR000_1',5,5,5,
EA-023,M03,bird,bird_1405,moderate,student_club,Calculate the amount budgeted for 'April Speaker' event. List all the budgeted categories for said event in an ascending order based on their amount budgeted.,'April Speaker' is an event name; amount budgeted refers to SUM(amount); budget categories refers to category,"SELECT T2.category, SUM(T2.amount) FROM event AS T1 JOIN budget AS T2 ON T1.event_id = T2.link_to_event WHERE T1.event_name = 'April Speaker' GROUP BY T2.category ORDER BY SUM(T2.amount) ASC","SELECT b.category, SUM(b.amount) AS total_amount FROM budget b JOIN event e ON b.link_to_event = e.event_id WHERE LOWER(e.event_name) = 'april speaker' GROUP BY b.category ORDER BY total_amount ASC",5,4,5,LOWER по event_name может мешать индексам
EA-024,M03,bird,bird_243,moderate,toxicology,What are the bonds that have phosphorus and nitrogen as their atom elements?,have phosphorus as atom elements refers to element = 'p'; have nitrogen as atom elements refers to element = 'n',SELECT T2.bond_id FROM atom AS T1 INNER JOIN connected AS T2 ON T1.atom_id = T2.atom_id WHERE T2.bond_id IN ( SELECT T3.bond_id FROM connected AS T3 INNER JOIN atom AS T4 ON T3.atom_id = T4.atom_id WHERE T4.element = 'p' ) AND T1.element = 'n',SELECT DISTINCT b.bond_id FROM bond b JOIN connected c ON b.bond_id = c.bond_id JOIN atom a1 ON c.atom_id = a1.atom_id JOIN atom a2 ON c.atom_id2 = a2.atom_id WHERE (a1.element = 'p' AND a2.element = 'n') OR (a1.element = 'n' AND a2.element = 'p'),5,4,4,"более специфичная проверка концов связи, но немного тяжелее"
EA-025,M03,bird,bird_707,moderate,codebase_community,"Among the posts with views ranging from 100 to 150, what is the comment with the highest score?",views ranging from 100 to 150 refers to ViewCount BETWEEN 100 and 150; comment with the highest score refers to Text where MAX(Score);,SELECT Text FROM comments WHERE PostId IN ( SELECT Id FROM posts WHERE ViewCount BETWEEN 100 AND 150 ) ORDER BY Score DESC LIMIT 1,SELECT c.Text FROM comments c JOIN posts p ON c.PostId = p.Id WHERE p.ViewCount BETWEEN 100 AND 150 ORDER BY c.Score DESC LIMIT 1,5,5,5,
EA-026,M03,bird,bird_735,simple,superhero,How many superheroes with blonde hair are there?,superheroes with blonde hair refers to colour = 'Blond' where hair_colour_id = colour.id,SELECT COUNT(T1.id) FROM superhero AS T1 INNER JOIN colour AS T2 ON T1.hair_colour_id = T2.id WHERE T2.colour = 'Blond',SELECT COUNT(*) FROM superhero s WHERE s.hair_colour_id IN (SELECT id FROM colour WHERE colour.colour = 'Blond'),5,5,5,
EA-027,M03,bird,bird_316,simple,toxicology,"Among the molecules which contain ""c"" element, which of them are not carcinogenic?",label = '-' means molecules are non-carcinogenic,SELECT DISTINCT T1.molecule_id FROM atom AS T1 INNER JOIN molecule AS T2 ON T1.molecule_id = T2.molecule_id WHERE T1.element = 'c' AND T2.label = '-',SELECT DISTINCT m.molecule_id FROM molecule m JOIN atom a ON m.molecule_id = a.molecule_id WHERE LOWER(a.element) = 'c' AND m.label = '-' ORDER BY m.molecule_id NULLS LAST,5,4,4,лишняя сортировка результата
EA-028,M03,bird,bird_574,simple,codebase_community,Which user has the website URL listed at 'http://stackoverflow.com',"""http://stackoverflow.com"" is the WebsiteUrl; user refers to DisplayName",SELECT DisplayName FROM users WHERE WebsiteUrl = 'http://stackoverflow.com',SELECT u.DisplayName FROM users u WHERE LOWER(u.WebsiteUrl) = 'http://stackoverflow.com',4,4,4,LOWER делает сравнение URL менее строгим и может мешать индексу
EA-029,M03,bird,bird_1355,simple,student_club,"Where is the hometown state for ""Sacha Harrison""?",hometown state refers to state;,SELECT T2.state FROM member AS T1 INNER JOIN zip_code AS T2 ON T1.zip = T2.zip_code WHERE T1.first_name = 'Sacha' AND T1.last_name = 'Harrison',SELECT z.state FROM member m JOIN zip_code z ON m.zip = z.zip_code WHERE LOWER(m.last_name) = 'harrison' AND LOWER(m.first_name) = 'sacha',5,4,4,LOWER по именам может мешать индексам
EA-030,M03,bird,bird_404,simple,card_games,Indicates the name of all the languages into which the set whose number of cards is 309 is translated.,set refer to setCode; number of cards refers to baseSetSize; baseSetsize = 309,SELECT T2.language FROM sets AS T1 INNER JOIN set_translations AS T2 ON T1.code = T2.setCode WHERE T1.baseSetSize = 309,SELECT st.language FROM set_translations st JOIN sets s ON st.setCode = s.code WHERE s.baseSetSize = 309,5,5,5,
EA-031,M04,bird,bird_212,challenging,toxicology,Which element is the least numerous in non-carcinogenic molecules?,label = '-' means molecules are non-carcinogenic; least numerous refers to MIN(COUNT(element));,"SELECT T.element FROM (SELECT T1.element, COUNT(DISTINCT T1.molecule_id) FROM atom AS T1 INNER JOIN molecule AS T2 ON T1.molecule_id = T2.molecule_id WHERE T2.label = '-' GROUP BY T1.element ORDER BY COUNT(DISTINCT T1.molecule_id) ASC LIMIT 1) t",SELECT element FROM atom WHERE molecule_id IN (SELECT molecule_id FROM molecule WHERE label = '-') GROUP BY element ORDER BY COUNT(element) ASC LIMIT 1,3,4,4,"считает атомы, а не distinct molecule_id; семантика отличается от подсказки"
EA-032,M04,bird,bird_1194,challenging,thrombosis_prediction,"What sex is the patient who in a medical examination was diagnosed with PSS and in a laboratory examination had a blood level of C-reactive protein de 2+, createnine 1 and LDH 123?",PSS' refers to diagnosis; blood level of C-reactive protein de 2+refers to CRP > 2; createnine 1 refers to CRE = 1; LDH 123 refers to LDH = 123,SELECT T1.SEX FROM Patient AS T1 INNER JOIN Examination AS T2 ON T1.ID = T2.ID INNER JOIN Laboratory AS T3 ON T3.ID = T2.ID WHERE T2.Diagnosis = 'PSS' AND T3.CRP = '2+' AND T3.CRE = 1.0 AND T3.LDH = 123,SELECT P.SEX FROM Patient P JOIN Examination E ON P.ID = E.ID JOIN Laboratory L ON P.ID = L.ID WHERE E.Diagnosis = 'PSS' AND L.CRP > 2 AND L.CRE = 1 AND L.LDH = 123,2,4,4,CRP > 2 неверно для значения вида 2+; должно быть CRP = 2+
EA-033,M04,bird,bird_830,moderate,superhero,Identify the weakest attribute of the Black Panther.,weakest attribute refers to attribute_name WHERE MIN(attribute_value); Black Panther refers to superhero_name = 'Black Panther';,SELECT T3.attribute_name FROM superhero AS T1 INNER JOIN hero_attribute AS T2 ON T1.id = T2.hero_id INNER JOIN attribute AS T3 ON T2.attribute_id = T3.id WHERE T1.superhero_name = 'Black Panther' ORDER BY T2.attribute_value ASC LIMIT 1,SELECT attribute_name FROM hero_attribute hh INNER JOIN attribute a ON hh.attribute_id = a.id WHERE hh.hero_id IN (SELECT id FROM superhero WHERE superhero_name = 'Black Panther') ORDER BY attribute_value LIMIT 1,5,5,5,
EA-034,M04,bird,bird_151,moderate,financial,Please list the name of the districts with accounts that made withdrawal transactions.,A2 refers to district name; type = 'VYDAJ' stands for withdrawal transactions,SELECT DISTINCT T1.A2 FROM district AS T1 INNER JOIN account AS T2 ON T1.district_id = T2.district_id INNER JOIN trans AS T3 ON T2.account_id = T3.account_id WHERE T3.type = 'VYDAJ',SELECT d.A2 FROM district d JOIN account a ON d.district_id = a.district_id JOIN trans t ON a.account_id = t.account_id WHERE t.type = 'VYDAJ' GROUP BY d.A2,5,5,5,
EA-035,M04,bird,bird_657,moderate,codebase_community,"Under the vote type of 8, provide the display names and websites URLs of the user who got the highest bounty amount.",vote type of 8 refers to VoteTypeId = 8; the highest bounty amount refers to MAX(BountyAmount);,"SELECT DisplayName, WebsiteUrl FROM users WHERE Id = ( SELECT UserId FROM votes WHERE VoteTypeId = 8 ORDER BY BountyAmount DESC LIMIT 1 )","SELECT u.DisplayName, u.WebsiteUrl FROM users u JOIN votes v ON u.Id = v.UserId WHERE v.VoteTypeId = 8 AND v.BountyAmount = (SELECT MAX(v2.BountyAmount) FROM votes v2 WHERE v2.VoteTypeId = 8)",4,4,4,"возвращает все tie по MAX, тогда как эталон выбирает одну строку"
EA-036,M04,bird,bird_605,simple,codebase_community,"How many users obtained the ""Announcer"" badge?","""Announcer"" is the Name of badge; user refers to UserId",SELECT COUNT(id) FROM badges WHERE Name = 'Announcer',SELECT COUNT(*) FROM users u JOIN badges b ON u.Id = b.UserId WHERE b.Name = 'Announcer',4,4,4,"считает строки badge-user; если у пользователя несколько badge, users будет завышено"
EA-037,M04,bird,bird_121,simple,financial,List account ID and account opening date for accounts from 'Prachatice'.,A2 refers to the names of districts.,"SELECT T1.account_id, T1.date FROM account AS T1 INNER JOIN district AS T2 ON T1.district_id = T2.district_id WHERE T2.A2 = 'Prachatice'","SELECT account_id, date FROM account WHERE district_id IN (SELECT district_id FROM district WHERE A2 = 'Prachatice')",5,5,5,
EA-038,M04,bird,bird_1343,simple,student_club,"With the biggest budget for the ""Food"", what was the remaining of it?","remaining of budget refers to remaining, biggest budget for 'Food' refers to MAX(budget.amount) where category = 'Food'",SELECT remaining FROM budget WHERE category = 'Food' AND amount = ( SELECT MAX(amount) FROM budget WHERE category = 'Food' ),SELECT b.remaining FROM budget b WHERE b.category = 'Food' AND b.amount = (SELECT MAX(b2.amount) FROM budget b2 WHERE b2.category = 'Food'),5,5,5,
EA-039,M04,bird,bird_1495,simple,debit_card_specializing,Which client ID consumed the most in September 2013?,September 2013 refers to yearmonth.date = '201309',SELECT T1.CustomerID FROM customers AS T1 INNER JOIN yearmonth AS T2 ON T1.CustomerID = T2.CustomerID WHERE T2.Date = '201309' GROUP BY T1.CustomerID ORDER BY SUM(T2.Consumption) DESC LIMIT 1,SELECT c.CustomerID FROM customers c JOIN yearmonth ym ON c.CustomerID = ym.CustomerID WHERE ym.Date = '201309' GROUP BY c.CustomerID ORDER BY SUM(ym.Consumption) DESC LIMIT 1,5,5,5,
EA-040,M04,bird,bird_946,simple,formula_1,Please list the location coordinates of the US circuits.,"location coordinates refers to (lat, lng); the US refers to country = 'USA';","SELECT lat, lng FROM circuits WHERE country = 'USA'","SELECT c.lat, c.lng FROM circuits c WHERE c.country = 'USA'",5,5,5,
EA-041,M05,bird,bird_760,challenging,superhero,"In superheroes with height between 150 to 180, what is the percentage of heroes published by Marvel Comics?","height between 150 to 180 refers to height_cm BETWEEN 150 AND 180; heroes published by Marvel Comics refers to publisher_name = 'Marvel Comics'; calculation = MULTIPLY(DIVIDE(SUM(publisher.id = 13)), COUNT(publisher.id), 100)",SELECT CAST(COUNT(CASE WHEN T2.publisher_name = 'Marvel Comics' THEN 1 ELSE NULL END) AS REAL) * 100 / COUNT(T1.id) FROM superhero AS T1 INNER JOIN publisher AS T2 ON T1.publisher_id = T2.id WHERE T1.height_cm BETWEEN 150 AND 180,"SELECT 
    (SUM(CASE WHEN p.publisher_name = 'Marvel Comics' THEN 1 ELSE 0 END) * 100.0 / COUNT(*)) AS percentage_marvel
FROM 
    superhero s
JOIN 
    publisher p ON s.publisher_id = p.id
WHERE 
    s.height_cm BETWEEN 150 AND 180",5,5,5,
EA-042,M05,bird,bird_330,challenging,toxicology,Calculate the percentage of carcinogenic molecules with triple bonded Hidrogen atoms.,"hydrogen refers to element = 'h'; label = '+' mean molecules are carcinogenic; triple bond refers to bond_type = '#'; percentage = DIVIDE(SUM(label = '+'), COUNT(molecule_id)) * 100.0 where element = 'h' AND bond_type = '#';",SELECT CAST(SUM(CASE WHEN T1.label = '+' THEN 1 ELSE 0 END) AS REAL) * 100 / COUNT(DISTINCT T1.molecule_id) FROM molecule AS T1 INNER JOIN atom AS T2 ON T1.molecule_id = T2.molecule_id INNER JOIN bond AS T3 ON T1.molecule_id = T3.molecule_id WHERE T3.bond_type = '#' AND T2.element = 'h',"SELECT 
    CAST(SUM(CASE WHEN m.label = '+' THEN 1 ELSE 0 END) AS REAL) * 100.0 / COUNT(DISTINCT m.molecule_id) AS percentage_carcinogenic_molecules
FROM molecule m
JOIN atom a ON m.molecule_id = a.molecule_id
JOIN bond b ON m.molecule_id = b.molecule_id
WHERE a.element = 'h' AND b.bond_type = '#'",3,4,4,числитель может дублировать молекулы из-за JOIN atom/bond; denominator distinct
EA-043,M05,bird,bird_782,moderate,superhero,List the heroes' names whose eyes and hair colours are both black.,heroes' names refers to superhero_name; eyes and hair colours are both black refers to eye_colour_id AND hair_colour_id WHERE colour.colour = 'Black';,SELECT T1.superhero_name FROM superhero AS T1 INNER JOIN colour AS T2 ON T1.eye_colour_id = T2.id AND T1.hair_colour_id = T2.id WHERE T2.colour = 'Black',"SELECT s.superhero_name 
FROM superhero AS s
JOIN colour AS c_eye ON s.eye_colour_id = c_eye.id
JOIN colour AS c_hair ON s.hair_colour_id = c_hair.id
WHERE c_eye.colour = 'Black' AND c_hair.colour = 'Black'",5,4,5,"два JOIN к colour читаемы, но тяжелее эталонного варианта"
EA-044,M05,bird,bird_940,moderate,formula_1,"Among the drivers that finished the race in the 2008 Chinese Grand Prix, how many of them have participated in Formula_1 races?",COUNT(raceID) > 0 reveals that this driver participated in races; drivers who finished the race refers to time has value.,SELECT COUNT(*) FROM ( SELECT T1.driverId FROM results AS T1 INNER JOIN races AS T2 on T1.raceId = T2.raceId WHERE T2.name = 'Chinese Grand Prix' AND T2.year = 2008 AND T1.time IS NOT NULL GROUP BY T1.driverId HAVING COUNT(T2.raceId) > 0 ),"SELECT COUNT(DISTINCT r.driverId)
FROM results AS r
JOIN races AS ra ON r.raceId = ra.raceId
WHERE ra.year = 2008 AND ra.name = 'Chinese Grand Prix' AND r.time IS NOT NULL",5,5,5,
EA-045,M05,bird,bird_100,moderate,financial,"Among the account opened, how many female customers who were born before 1950 and stayed in Sokolov?",Customers refer to clients; Female refers to gender = 'F'; Names of districts appear in column A2,"SELECT COUNT(T2.client_id) FROM district AS T1 INNER JOIN client AS T2 ON T1.district_id = T2.district_id WHERE T2.gender = 'F' AND STRFTIME('%Y', T2.birth_date) < '1950' AND T1.A2 = 'Sokolov'","SELECT COUNT(*) AS total_clients
FROM client c
JOIN district d ON c.district_id = d.district_id
WHERE c.gender = 'F' AND strftime('%Y', c.birth_date) < '1950' AND d.A2 = 'Sokolov'",5,5,5,
EA-046,M05,bird,bird_29,simple,california_schools,When did the first-through-twelfth-grade school with the largest enrollment open?,K-12 means First-through-twelfth-grade,SELECT T2.OpenDate FROM frpm AS T1 INNER JOIN schools AS T2 ON T1.CDSCode = T2.CDSCode ORDER BY T1.`Enrollment (K-12)` DESC LIMIT 1,"SELECT s.OpenDate
FROM schools s
JOIN frpm f ON s.CDSCode = f.CDSCode
ORDER BY f.`Enrollment (K-12)` DESC
LIMIT 1",5,5,5,
EA-047,M05,bird,bird_669,simple,codebase_community,When did 'chl' cast its first vote in a post?,DisplayName = 'chl'; cast its first vote refers to MIN(CreationDate);,SELECT T2.CreationDate FROM users AS T1 INNER JOIN votes AS T2 ON T1.Id = T2.UserId WHERE T1.DisplayName = 'chl' ORDER BY T2.CreationDate LIMIT 1,"SELECT MIN(v.CreationDate) AS FirstVoteDate
FROM users u
JOIN votes v ON u.Id = v.UserId
WHERE u.DisplayName = 'chl'",5,5,5,
EA-048,M05,bird,bird_997,simple,formula_1,Which citizenship do the vast majority of the drivers hold?,Citizenship of majority of drivers = MAX(nationality); citizenship and nationality are synonyms,SELECT nationality FROM drivers GROUP BY nationality ORDER BY COUNT(driverId) DESC LIMIT 1,"SELECT nationality 
FROM drivers 
GROUP BY nationality 
ORDER BY COUNT(*) DESC 
LIMIT 1",5,5,5,
EA-049,M05,bird,bird_1422,simple,student_club,State the category of events were held at MU 215.,'MU 215' is the location of event;,SELECT DISTINCT T2.category FROM event AS T1 INNER JOIN budget AS T2 ON T1.event_id = T2.link_to_event WHERE T1.location = 'MU 215',"SELECT DISTINCT b.category 
FROM budget AS b 
INNER JOIN event AS e ON b.link_to_event = e.event_id 
WHERE e.location = 'MU 215'",5,5,5,
EA-050,M05,bird,bird_526,simple,card_games,"Among the card designed by Matthew D. Wilson, how many are available only in the paper?",card designed by Matthew D. Wilson refers to artist = 'Matthew D. Wilson'; available only in the paper refers to availability = 'paper',SELECT COUNT(id) FROM cards WHERE artist = 'Matthew D. Wilson' AND availability = 'paper',"SELECT COUNT(*) 
FROM cards 
WHERE artist = 'Matthew D. Wilson' AND availability = 'paper'",5,5,5,
EA-051,M01,spider,spider_711,,world_1,What region is Kabul in?,,"SELECT Region FROM country AS T1 JOIN city AS T2 ON T1.Code  =  T2.CountryCode WHERE T2.Name  =  ""Kabul""",SELECT c.Region FROM city ci JOIN country c ON ci.CountryCode = c.Code WHERE ci.Name = 'Kabul',5,5,5,
EA-052,M01,spider,spider_669,,poker_player,What is the average earnings of poker players with height higher than 200?,,SELECT avg(T2.Earnings) FROM people AS T1 JOIN poker_player AS T2 ON T1.People_ID  =  T2.People_ID WHERE T1.Height  >  200,SELECT AVG(poker_player.Earnings) FROM poker_player INNER JOIN people ON poker_player.People_ID = people.People_ID WHERE people.Height > 200,5,5,5,
EA-053,M01,spider,spider_588,,tvshow,What are the names of all cartoons directed by Ben Jones?,,"SELECT Title FROM Cartoon WHERE Directed_by = ""Ben Jones"";",SELECT Title FROM Cartoon WHERE Directed_by = 'Ben Jones',5,5,5,
EA-054,M01,spider,spider_978,,dog_kennels,How many dogs have not gone through any treatment?,,SELECT count(*) FROM Dogs WHERE dog_id NOT IN ( SELECT dog_id FROM Treatments ),SELECT COUNT(*) FROM Dogs WHERE dog_id NOT IN (SELECT DISTINCT dog_id FROM Treatments),5,5,5,
EA-055,M01,spider,spider_345,,cre_Doc_Template_Mgt,Show all template type codes that are not used by any document.,,SELECT template_type_code FROM Templates EXCEPT SELECT template_type_code FROM Templates AS T1 JOIN Documents AS T2 ON T1.template_id  =  T2.template_id,SELECT Template_Type_Code FROM Ref_Template_Types WHERE Template_Type_Code NOT IN (SELECT DISTINCT Template_Type_Code FROM Templates WHERE Template_ID IN (SELECT DISTINCT Template_ID FROM Documents WHERE Template_ID IS NOT NULL)),3,3,3,использует Ref_Template_Types и вложенные NOT IN; семантика шире вопроса
EA-056,M01,spider,spider_837,,orchestra,"What are the names of conductors, sorted descending by the number of years they have worked?",,SELECT Name FROM conductor ORDER BY Year_of_Work DESC,SELECT Name FROM conductor ORDER BY Year_of_Work DESC,5,5,5,
EA-057,M01,spider,spider_447,,wta_1,List the names of all winners who played in both 2013 and 2016.,,SELECT winner_name FROM matches WHERE YEAR  =  2013 INTERSECT SELECT winner_name FROM matches WHERE YEAR  =  2016,SELECT DISTINCT winner_name FROM matches WHERE year = 2013 INTERSECT SELECT DISTINCT winner_name FROM matches WHERE year = 2016,5,5,5,
EA-058,M01,spider,spider_383,,course_teach,List the names of teachers in ascending order of age.,,SELECT Name FROM teacher ORDER BY Age ASC,SELECT Name FROM teacher ORDER BY Age ASC,5,5,5,
EA-059,M01,spider,spider_33,,concert_singer,Show the name and theme for all concerts and the number of singers in each concert.,,"SELECT T2.concert_name ,  T2.theme ,  count(*) FROM singer_in_concert AS T1 JOIN concert AS T2 ON T1.concert_id  =  T2.concert_id GROUP BY T2.concert_id","SELECT c.concert_Name, c.Theme, COUNT(sic.Singer_ID) AS number_of_singers FROM concert c LEFT JOIN singer_in_concert sic ON c.concert_ID = sic.concert_ID GROUP BY c.concert_ID, c.concert_Name, c.Theme",5,4,5,"LEFT JOIN включает концерты без певцов; семантически допустимо, но отличается от эталонной области"
EA-060,M01,spider,spider_497,,battle_death,What are the name and results of the battles when the bulgarian commander is not 'Boril',,"SELECT name ,  RESULT FROM battle WHERE bulgarian_commander != 'Boril'","SELECT name, result FROM battle WHERE bulgarian_commander != 'Boril'",5,5,5,
EA-061,M02,spider,spider_532,,student_transcripts_tracking,What is the department description for the one whose name has the word computer?,,SELECT department_description FROM Departments WHERE department_name LIKE '%computer%',SELECT department_description FROM Departments WHERE department_name LIKE '%computer%' COLLATE NOCASE LIMIT 1,3,4,4,LIMIT 1 теряет возможные несколько department_description
EA-062,M02,spider,spider_752,,world_1,What are the regions that use English or Dutch?,,"SELECT DISTINCT T1.Region FROM country AS T1 JOIN countrylanguage AS T2 ON T1.Code  =  T2.CountryCode WHERE T2.Language  =  ""English"" OR T2.Language  =  ""Dutch""","SELECT DISTINCT c.Region FROM country AS c JOIN countrylanguage AS cl ON cl.CountryCode = c.Code WHERE cl.Language IN ('English','Dutch') ORDER BY c.Region",5,4,4,лишняя сортировка
EA-063,M02,spider,spider_506,,battle_death,What are the notes of the death events which has substring 'East'?,,SELECT note FROM death WHERE note LIKE '%East%',SELECT note FROM death WHERE note LIKE '%East%',5,5,5,
EA-064,M02,spider,spider_12,,concert_singer,List all song names by singers above the average age.,,SELECT song_name FROM singer WHERE age  >  (SELECT avg(age) FROM singer),SELECT Song_Name FROM singer WHERE Age > (SELECT AVG(Age) FROM singer),5,5,5,
EA-065,M02,spider,spider_425,,museum_visit,What is the total ticket expense of the visitors whose membership level is 1?,,SELECT sum(t2.Total_spent) FROM visitor AS t1 JOIN visit AS t2 ON t1.id  =  t2.visitor_id WHERE t1.Level_of_membership  =  1,SELECT SUM(v.Total_spent) AS total_ticket_expense FROM visit v JOIN visitor vis ON v.visitor_ID = vis.ID WHERE vis.Level_of_membership = 1,5,5,5,
EA-066,M02,spider,spider_1013,,singer,"For each citizenship, how many singers are from that country?",,"SELECT Citizenship ,  COUNT(*) FROM singer GROUP BY Citizenship","SELECT Citizenship, COUNT(*) AS singer_count FROM singer GROUP BY Citizenship",5,5,5,
EA-067,M02,spider,spider_314,,cre_Doc_Template_Mgt,What are the template ids of any templates used in more than a single document?,,SELECT template_id FROM Documents GROUP BY template_id HAVING count(*)  >  1,SELECT Template_ID FROM Documents WHERE Template_ID IS NOT NULL GROUP BY Template_ID HAVING COUNT(DISTINCT Document_ID) > 1,5,5,5,
EA-068,M02,spider,spider_864,,network_1,Show the names and grades of each high schooler.,,"SELECT name ,  grade FROM Highschooler","SELECT name, grade FROM Highschooler",5,5,5,
EA-069,M02,spider,spider_668,,poker_player,Return the money rank of the poker player with the greatest height.,,SELECT T2.Money_Rank FROM people AS T1 JOIN poker_player AS T2 ON T1.People_ID  =  T2.People_ID ORDER BY T1.Height DESC LIMIT 1,SELECT pp.Money_Rank FROM poker_player AS pp JOIN people AS p ON pp.People_ID = p.People_ID ORDER BY p.Height DESC LIMIT 1,5,5,5,
EA-070,M02,spider,spider_483,,wta_1,Find the name and rank of the 3 youngest winners across all matches.,,"SELECT DISTINCT winner_name ,  winner_rank FROM matches ORDER BY winner_age LIMIT 3","SELECT winner_name, winner_rank FROM matches WHERE winner_age IS NOT NULL ORDER BY winner_age ASC, tourney_date ASC, match_num ASC LIMIT 3",4,4,4,нет DISTINCT; возможны дубликаты победителей
EA-071,M03,spider,spider_290,,employee_hire_evaluation,Find the total amount of bonus given in all the evaluations.,,SELECT sum(bonus) FROM evaluation,SELECT SUM(e.Bonus) AS total_bonus FROM evaluation e,5,5,5,
EA-072,M03,spider,spider_299,,cre_Doc_Template_Mgt,"List document IDs, document names, and document descriptions for all documents.",,"SELECT document_id ,  document_name ,  document_description FROM Documents","SELECT d.Document_ID, d.Document_Name, d.Document_Description FROM Documents d",5,5,5,
EA-073,M03,spider,spider_222,,flight_2,Which city has the most frequent destination airport?,,SELECT T1.City FROM AIRPORTS AS T1 JOIN FLIGHTS AS T2 ON T1.AirportCode  =  T2.DestAirport GROUP BY T1.City ORDER BY count(*) DESC LIMIT 1,"SELECT a.City, COUNT(f.DestAirport) AS frequency FROM airports a JOIN flights f ON a.AirportCode = f.DestAirport GROUP BY a.City ORDER BY frequency DESC LIMIT 1",4,5,5,возвращает лишний столбец frequency помимо города
EA-074,M03,spider,spider_136,,car_1,What is the average horsepower for all cars produced before 1980 ?,,select avg(horsepower) from cars_data where year  <  1980;,SELECT AVG(cast(horsepower AS INTEGER)) FROM cars_data WHERE year < 1980,4,4,4,"CAST horsepower к INTEGER может исказить данные, если поле уже числовое/есть нестандартные значения"
EA-075,M03,spider,spider_692,,voter_1,What are the names of the contestants whose names are not 'Jessie Alloway',,SELECT contestant_name FROM contestants WHERE contestant_name != 'Jessie Alloway',SELECT c.contestant_name FROM CONTESTANTS c WHERE c.contestant_name != 'Jessie Alloway' ORDER BY c.contestant_name NULLS LAST,5,4,4,лишняя сортировка
EA-076,M03,spider,spider_893,,network_1,Count the number of friends Kyle has.,,"SELECT count(*) FROM Friend AS T1 JOIN Highschooler AS T2 ON T1.student_id  =  T2.id WHERE T2.name  =  ""Kyle""",SELECT COUNT(*) AS friend_count FROM Friend f WHERE f.student_id = (SELECT ID FROM Highschooler WHERE name = 'Kyle'),4,4,4,подзапрос предполагает единственного Kyle
EA-077,M03,spider,spider_770,,world_1,What is the total number of unique official languages spoken in the countries that are founded before 1930?,,"SELECT count(DISTINCT T2.Language) FROM country AS T1 JOIN countrylanguage AS T2 ON T1.Code  =  T2.CountryCode WHERE  IndepYear  <  1930 AND T2.IsOfficial  =  ""T""",SELECT COUNT(DISTINCT cl.Language) FROM country c JOIN countrylanguage cl ON c.Code = cl.CountryCode WHERE c.IndepYear < 1930 AND cl.IsOfficial = 'T',5,5,5,
EA-078,M03,spider,spider_1006,,singer,"List the name of singers whose citizenship is not ""France"".",,"SELECT Name FROM singer WHERE Citizenship != ""France""",SELECT s.Name FROM singer s WHERE s.Citizenship != 'France' ORDER BY s.Name NULLS LAST,5,4,4,лишняя сортировка
EA-079,M03,spider,spider_674,,poker_player,How many people are there of each nationality?,,"SELECT Nationality ,  COUNT(*) FROM people GROUP BY Nationality","SELECT p.Nationality, COUNT(*) AS count FROM people p GROUP BY p.Nationality ORDER BY count DESC NULLS LAST",5,4,4,лишняя сортировка
EA-080,M03,spider,spider_29,,concert_singer,What are the names of the stadiums without any concerts?,,SELECT name FROM stadium WHERE stadium_id NOT IN (SELECT stadium_id FROM concert),SELECT s.Name FROM stadium s WHERE NOT EXISTS (SELECT 1 FROM concert c WHERE c.Stadium_ID = CAST(s.Stadium_ID AS text)),5,4,4,CAST в условии JOIN выглядит хрупко и может мешать индексу
EA-081,M04,spider,spider_403,,course_teach,Show the name of the teacher for the math course.,,"SELECT T3.Name FROM course_arrange AS T1 JOIN course AS T2 ON T1.Course_ID  =  T2.Course_ID JOIN teacher AS T3 ON T1.Teacher_ID  =  T3.Teacher_ID WHERE T2.Course  =  ""Math""",SELECT t.Name FROM teacher t JOIN course_arrange ca ON t.Teacher_ID = ca.Teacher_ID WHERE ca.Course_ID IN (SELECT Course_ID FROM course WHERE Course = 'Math'),5,4,4,"IN-подзапрос менее прямой, чем обычный JOIN"
EA-082,M04,spider,spider_319,,cre_Doc_Template_Mgt,"Show template ids, version numbers, and template type codes for all templates.",,"SELECT template_id ,  version_number ,  template_type_code FROM Templates","SELECT Templates.Template_ID, Templates.Version_Number, Ref_Template_Types.Template_Type_Code FROM Templates INNER JOIN Ref_Template_Types ON Templates.Template_Type_Code = Ref_Template_Types.Template_Type_Code",5,4,4,лишний JOIN к Ref_Template_Types
EA-083,M04,spider,spider_703,,world_1,Give the names of the nations that were founded after 1950.,,SELECT Name FROM country WHERE IndepYear  >  1950,SELECT c.Name FROM country c WHERE c.IndepYear > 1950,5,5,5,
EA-084,M04,spider,spider_145,,car_1,how many cars were produced in 1980?,,SELECT count(*) FROM CARS_DATA WHERE YEAR  =  1980;,SELECT COUNT(*) FROM cars_data WHERE Year = 1980,5,5,5,
EA-085,M04,spider,spider_953,,dog_kennels,What are each owner's first name and their dogs's name?,,"SELECT T1.first_name ,  T2.name FROM Owners AS T1 JOIN Dogs AS T2 ON T1.owner_id  =  T2.owner_id","SELECT o.first_name, d.name FROM Owners o JOIN Dogs d ON o.owner_id = d.owner_id",5,5,5,
EA-086,M04,spider,spider_700,,voter_1,List the area codes in which voters voted both for the contestant 'Tabatha Gehling' and the contestant 'Kelly Clauss'.,,SELECT T3.area_code FROM contestants AS T1 JOIN votes AS T2 ON T1.contestant_number  =  T2.contestant_number JOIN area_code_state AS T3 ON T2.state  =  T3.state WHERE T1.contestant_name  =  'Tabatha Gehling' INTERSECT SELECT T3.area_code FROM contestants AS T1 JOIN votes AS T2 ON T1.contestant_number  =  T2.contestant_number JOIN area_code_state AS T3 ON T2.state  =  T3.state WHERE T1.contestant_name  =  'Kelly Clauss',"SELECT DISTINCT a.area_code FROM AREA_CODE_STATE a JOIN VOTES v ON a.state = v.state JOIN CONTESTANTS c ON v.contestant_number = c.contestant_number WHERE c.contestant_name IN ('Tabatha Gehling', 'Kelly Clauss') GROUP BY a.area_code HAVING COUNT(DISTINCT c.contestant_name) = 2",5,5,5,
EA-087,M04,spider,spider_659,,poker_player,What are the names of poker players?,,SELECT T1.Name FROM people AS T1 JOIN poker_player AS T2 ON T1.People_ID  =  T2.People_ID,SELECT p.Name FROM poker_player pp JOIN people p ON pp.People_ID = p.People_ID,5,5,5,
EA-088,M04,spider,spider_623,,tvshow,"What is the TV Channel of TV series with Episode ""A Love of a Lifetime""? List the TV Channel's series name.",,"SELECT T1.series_name FROM TV_Channel AS T1 JOIN TV_series AS T2 ON T1.id = T2.Channel WHERE T2.Episode = ""A Love of a Lifetime"";",SELECT TV_Channel.series_name FROM TV_Series JOIN TV_Channel ON TV_Series.Channel = TV_Channel.id WHERE Episode = 'A Love of a Lifetime',5,5,5,
EA-089,M04,spider,spider_1003,,singer,What are the names of singers ordered by ascending net worth?,,SELECT Name FROM singer ORDER BY Net_Worth_Millions ASC,SELECT s.Name FROM singer s ORDER BY s.Net_Worth_Millions ASC,5,5,5,
EA-090,M04,spider,spider_187,,flight_2,How many airlines do we have?,,SELECT count(*) FROM AIRLINES,SELECT COUNT(*) FROM airlines,5,5,5,
EA-091,M05,spider,spider_185,,flight_2,List the airport code and name in the city of Anthony.,,"SELECT AirportCode ,  AirportName FROM AIRPORTS WHERE city  =  ""Anthony""","SELECT AirportCode, AirportName 
FROM airports 
WHERE City = 'Anthony'",5,5,5,
EA-092,M05,spider,spider_373,,cre_Doc_Template_Mgt,What is the document id and name with greatest number of paragraphs?,,"SELECT T1.document_id ,  T2.document_name FROM Paragraphs AS T1 JOIN Documents AS T2 ON T1.document_id  =  T2.document_id GROUP BY T1.document_id ORDER BY count(*) DESC LIMIT 1","SELECT d.Document_ID, d.Document_Name 
FROM Documents d 
JOIN Paragraphs p ON d.Document_ID = p.Document_ID 
GROUP BY d.Document_ID, d.Document_Name 
ORDER BY COUNT(p.Paragraph_ID) DESC 
LIMIT 1",5,5,5,
EA-093,M05,spider,spider_393,,course_teach,Show different hometown of teachers and the number of teachers from each hometown.,,"SELECT Hometown ,  COUNT(*) FROM teacher GROUP BY Hometown","SELECT Hometown, COUNT(*) AS Number_of_Teachers 
FROM teacher 
GROUP BY Hometown",5,5,5,
EA-094,M05,spider,spider_153,,car_1,In which years cars were produced weighing no less than 3000 and no more than 4000 ?,,select distinct year from cars_data where weight between 3000 and 4000;,"SELECT DISTINCT Year
FROM cars_data
WHERE Weight BETWEEN 3000 AND 4000",5,5,5,
EA-095,M05,spider,spider_729,,world_1,What is the total population of Gelderland district?,,"SELECT sum(Population) FROM city WHERE District  =  ""Gelderland""","SELECT SUM(Population) AS TotalPopulation
FROM city
WHERE District = 'Gelderland'",5,5,5,
EA-096,M05,spider,spider_284,,employee_hire_evaluation,Which shop has the most employees? Give me the shop name.,,SELECT t2.name FROM hiring AS t1 JOIN shop AS t2 ON t1.shop_id  =  t2.shop_id GROUP BY t1.shop_id ORDER BY count(*) DESC LIMIT 1,"SELECT s.Name 
FROM hiring AS h 
INNER JOIN shop AS s ON h.Shop_ID = s.Shop_ID 
GROUP BY s.Name 
ORDER BY COUNT(h.Employee_ID) DESC 
LIMIT 1",4,5,4,GROUP BY по имени может слить разные магазины с одинаковым названием
EA-097,M05,spider,spider_501,,battle_death,What are the distinct battle names which are between bulgarian commander 'Kaloyan' and latin commander 'Baldwin I'?,,SELECT name FROM battle WHERE bulgarian_commander  =  'Kaloyan' AND latin_commander  =  'Baldwin I',"SELECT DISTINCT name 
FROM battle 
WHERE bulgarian_commander = 'Kaloyan' AND latin_commander = 'Baldwin I'",5,5,5,
EA-098,M05,spider,spider_863,,network_1,Count the number of high schoolers.,,SELECT count(*) FROM Highschooler,SELECT COUNT(*) FROM Highschooler,5,5,5,
EA-099,M05,spider,spider_22,,concert_singer,Show the stadium name and the number of concerts in each stadium.,,"SELECT T2.name ,  count(*) FROM concert AS T1 JOIN stadium AS T2 ON T1.stadium_id  =  T2.stadium_id GROUP BY T1.stadium_id","SELECT T1.Name AS Stadium_Name, COUNT(T2.concert_ID) AS Number_of_Concerts
FROM stadium AS T1
INNER JOIN concert AS T2 ON T1.Stadium_ID = T2.Stadium_ID
GROUP BY T1.Name",4,5,4,GROUP BY по имени может слить разные стадионы с одинаковым названием
EA-100,M05,spider,spider_619,,tvshow,"What is the air date of TV series with Episode ""A Love of a Lifetime""?",,"SELECT Air_Date FROM TV_series WHERE Episode = ""A Love of a Lifetime"";","SELECT Air_Date 
FROM TV_series 
WHERE Episode = 'A Love of a Lifetime'",5,5,5,
